Country,Country (2015.csv),Country (2017.csv),Region,Region (2015.csv),Dystopia Residual,Dystopia Residual (2015.csv),Dystopia.Residual,Economy (GDP per Capita),Economy (GDP per Capita) (2015.csv),Economy..GDP.per.Capita.,Family,Family (2015.csv),Family (2017.csv),Freedom,Freedom (2015.csv),Freedom (2017.csv),Generosity,Generosity (2015.csv),Generosity (2017.csv),Happiness Rank (2015.csv),Happiness Rank(2016.csv),Happiness Score,Happiness Score (2015.csv),Happiness.Rank(2017.csv),Happiness.Score,Health (Life Expectancy),Health (Life Expectancy) (2015.csv),Health..Life.Expectancy.,Lower Confidence Interval,Standard Error,Trust (Government Corruption),Trust (Government Corruption) (2015.csv),Trust..Government.Corruption.,Upper Confidence Interval,Whisker.high,Whisker.low
Switzerland,Switzerland,Switzerland,Western Europe,Western Europe,2.69463,2.51738,2.276716232,1.52733,1.39651,1.564979553,1.14524,1.34951,1.516911745,0.58557,0.66557,0.620070577,0.28083,0.29678,0.290549278,1,2,7.509,7.587,4,7.493999958,0.86303,0.94143,0.858131289,7.428,0.03411,0.41203,0.41978,0.367007285,7.59,7.561772420,7.426227496
Iceland,Iceland,Iceland,Western Europe,Western Europe,2.83137,2.70201,2.322715282,1.42666,1.30232,1.480633020,1.18326,1.40223,1.610574007,0.56624,0.62877,0.627162635,0.47678,0.4363,0.475540221,2,3,7.501,7.561,3,7.504000187,0.86733,0.94784,0.833552122,7.333,0.04884,0.14975,0.14145,0.153526559,7.669,7.622030473,7.385969901
Denmark,Denmark,Denmark,Western Europe,Western Europe,2.73939,2.49204,2.313707352,1.44178,1.32548,1.482383013,1.16374,1.36058,1.551121593,0.57941,0.64938,0.626006722,0.36171,0.34139,0.355280489,3,1,7.526,7.527,2,7.521999836,0.79504,0.87464,0.792565525,7.46,0.03328,0.44453,0.48357,0.400770068,7.592,7.581728065,7.462271607
Norway,Norway,Norway,Western Europe,Western Europe,2.66465,2.46531,2.277026653,1.57744,1.459,1.616463184,1.1269,1.33095,1.533523560,0.59609,0.66973,0.635422587,0.37895,0.34699,0.362012237,4,4,7.498,7.522,1,7.537000179,0.79579,0.88521,0.796666503,7.421,0.0388,0.35776,0.36503,0.315963835,7.575,7.594444821,7.479555538
Canada,Canada,Canada,North America,North America,2.70485,2.45176,2.187264442,1.44015,1.32629,1.479204416,1.0961,1.32261,1.481348991,0.5737,0.63297,0.611100912,0.44834,0.45811,0.435539722,5,6,7.404,7.427,7,7.315999985,0.8276,0.90563,0.834557652,7.335,0.03553,0.31329,0.32957,0.287371516,7.473,7.384402835,7.247597134
Finland,Finland,Finland,Western Europe,Western Europe,2.82596,2.61955,2.430181503,1.40598,1.29025,1.443571925,1.13464,1.31826,1.540246725,0.57104,0.64169,0.617950857,0.25492,0.23351,0.245482773,6,5,7.413,7.406,5,7.468999863,0.81091,0.88911,0.809157670,7.351,0.0314,0.41004,0.41372,0.382611543,7.475,7.527542076,7.410457650
Netherlands,Netherlands,Netherlands,Western Europe,Western Europe,2.70749,2.4657,2.294804096,1.46468,1.32944,1.503944635,1.02912,1.28017,1.428939223,0.55211,0.61576,0.585384488,0.47416,0.4761,0.470489830,7,7,7.339,7.378,6,7.376999855,0.81231,0.89284,0.810696125,7.284,0.02799,0.29927,0.31814,0.282661825,7.394,7.427425841,7.326573869
Sweden,Sweden,Sweden,Western Europe,Western Europe,2.54734,2.37119,2.097537994,1.45181,1.33171,1.494387269,1.08764,1.28907,1.478162169,0.58218,0.6598,0.612924099,0.38254,0.36262,0.385399252,8,10,7.291,7.364,9,7.283999920,0.83121,0.91087,0.830875158,7.227,0.03157,0.40867,0.43844,0.384398729,7.355,7.344094877,7.223904962
New Zealand,New Zealand,New Zealand,Australia and New Zealand,Australia and New Zealand,2.47553,2.26425,2.046456337,1.36066,1.25018,1.405706048,1.17278,1.31967,1.548195124,0.58147,0.63938,0.614062130,0.49401,0.47501,0.500005126,9,8,7.334,7.286,8,7.314000130,0.83096,0.90837,0.816759706,7.264,0.03371,0.41904,0.42922,0.382816702,7.404,7.379510442,7.248489818
Australia,Australia,Australia,Australia and New Zealand,Australia and New Zealand,2.5465,2.26646,2.065210819,1.44443,1.33358,1.484414935,1.10476,1.30923,1.510041952,0.56837,0.65124,0.601607382,0.47407,0.43562,0.477699250,10,9,7.313,7.284,10,7.283999920,0.8512,0.93156,0.843886793,7.241,0.04083,0.32331,0.35637,0.301183730,7.385,7.356651225,7.211348615
Israel,Israel,Israel,Middle East and Northern Africa,Middle East and Northern Africa,3.31029,3.08854,2.801757336,1.33766,1.22857,1.375382423,0.99537,1.22393,1.376289964,0.36432,0.41319,0.405988604,0.32288,0.33172,0.330082655,11,11,7.267,7.278,11,7.212999821,0.84917,0.91387,0.838404000,7.199,0.0347,0.08728,0.07785,0.085242100,7.335,7.279853256,7.146146385
Costa Rica,Costa Rica,Costa Rica,Latin America and Caribbean,Latin America and Caribbean,3.35168,3.17728,2.898639202,1.06879,0.95578,1.109706283,1.02152,1.23788,1.416403651,0.55225,0.63376,0.580131650,0.22553,0.25497,0.214613229,12,14,7.087,7.226,12,7.078999996,0.76146,0.86027,0.759509265,6.999,0.04454,0.10547,0.10583,0.100106589,7.175,7.168111666,6.989888326
Austria,Austria,Austria,Western Europe,Western Europe,2.69343,2.5332,2.138506413,1.45038,1.33723,1.487097263,1.08383,1.29704,1.459944963,0.54355,0.62433,0.567766190,0.32865,0.33088,0.316472322,13,12,7.119,7.2,13,7.006000042,0.80565,0.89042,0.815328419,7.045,0.03751,0.21348,0.18676,0.221060365,7.193,7.070669812,6.941330272
Mexico,Mexico,Mexico,Latin America and Caribbean,Latin America and Caribbean,3.55906,3.60214,2.837154865,1.11508,1.02054,1.153183818,0.7146,0.91451,1.210862160,0.37709,0.48181,0.412730008,0.11735,0.14074,0.120990433,14,21,6.778,7.187,25,6.578000069,0.71143,0.81444,0.709978998,6.68,0.04176,0.18355,0.21312,0.132774115,6.876,6.671148908,6.484851230
United States,United States,United States,North America,North America,2.72782,2.51011,2.218113422,1.50796,1.39451,1.546259284,1.04782,1.24711,1.419920564,0.48163,0.54604,0.505740523,0.41077,0.40105,0.392578781,15,13,7.104,7.119,14,6.993000031,0.779,0.86179,0.774286628,7.02,0.03839,0.14868,0.1589,0.135638788,7.188,7.074656748,6.911343313
Brazil,Brazil,Brazil,Latin America and Caribbean,Latin America and Caribbean,3.50733,3.26001,2.769267082,1.08754,0.98124,1.107353210,1.03938,1.23287,1.431306005,0.40425,0.49049,0.437453747,0.15776,0.14574,0.162349895,16,17,6.952,6.983,22,6.635000229,0.61415,0.69702,0.616552353,6.875,0.04076,0.14166,0.17521,0.111092761,7.029,6.725469502,6.544530956
Luxembourg,Luxembourg,Luxembourg,Western Europe,Western Europe,2.11055,1.96961,1.619512081,1.69752,1.56391,1.741943598,1.03999,1.21963,1.457583666,0.5487,0.61583,0.596627891,0.27571,0.28034,0.283180982,17,20,6.871,6.946,18,6.862999916,0.84542,0.91894,0.845089495,6.804,0.03499,0.35329,0.37798,0.318834424,6.938,6.923686100,6.802313732
Ireland,Ireland,Ireland,Western Europe,Western Europe,2.15988,1.9757,1.773869038,1.48341,1.33596,1.535706639,1.16157,1.36948,1.558231115,0.54008,0.61777,0.573110342,0.44963,0.45901,0.427858323,18,19,6.907,6.94,15,6.977000237,0.81455,0.89533,0.809782624,6.836,0.03676,0.29754,0.28703,0.298388153,6.978,7.043351668,6.910648805
Belgium,Belgium,Belgium,Western Europe,Western Europe,2.61355,2.41484,2.124210358,1.42539,1.30782,1.463780761,1.05249,1.28566,1.462312698,0.51354,0.5845,0.539770722,0.2424,0.2225,0.231503338,19,18,6.929,6.937,17,6.890999794,0.81959,0.89667,0.818091869,6.861,0.03595,0.26248,0.2254,0.251343131,6.997,6.955820750,6.826178838
United Arab Emirates,United Arab Emirates,United Arab Emirates,Middle East and Northern Africa,Middle East and Northern Africa,2.21507,2.24743,1.734703541,1.57352,1.42727,1.626343369,0.87114,1.12575,1.266410232,0.56215,0.64157,0.608345270,0.26591,0.26428,0.360941947,20,28,6.573,6.901,21,6.647999763,0.72993,0.80925,0.726798236,6.494,0.03729,0.35561,0.38583,0.324489564,6.652,6.722047304,6.573952223
United Kingdom,United Kingdom,United Kingdom,Western Europe,Western Europe,2.14999,1.96994,1.704143524,1.40283,1.26637,1.441633940,1.08672,1.28548,1.496460080,0.50036,0.59625,0.508190036,0.50156,0.51912,0.492774159,21,23,6.725,6.867,19,6.714000225,0.80991,0.90943,0.805335939,6.647,0.01866,0.27399,0.32067,0.265428066,6.803,6.783791761,6.644208689
,Oman,,,Middle East and Northern Africa,,2.47489,,,1.36011,,,1.08182,,,0.63274,,,0.21542,,22,,,6.853,,,,0.76276,,,0.05335,,0.32524,,,,
Venezuela,Venezuela,Venezuela,Latin America and Caribbean,Latin America and Caribbean,2.97468,3.19131,1.789463758,1.13367,1.04424,1.128431201,1.03302,1.25596,1.431337595,0.19847,0.42908,0.153997123,0.0425,0.05841,0.065019630,23,44,6.084,6.81,82,5.25,0.61904,0.72052,0.617144227,5.973,0.06476,0.08304,0.11069,0.064491123,6.195,5.370031946,5.129968054
Singapore,Singapore,Singapore,Southeastern Asia,Southeastern Asia,1.99375,1.88501,1.216362000,1.64555,1.52186,1.692277670,0.86758,1.02,1.353814363,0.4877,0.54252,0.549840569,0.32706,0.31105,0.345965981,24,22,6.739,6.798,26,6.572000027,0.94719,1.02525,0.949492395,6.674,0.0378,0.46987,0.4921,0.464307785,6.804,6.636723069,6.507276984
Panama,Panama,Panama,Latin America and Caribbean,Latin America and Caribbean,3.00559,2.84848,2.307199955,1.18306,1.06353,1.233748436,0.98912,1.1985,1.373192549,0.48927,0.5421,0.550026834,0.2418,0.24434,0.210556939,25,25,6.701,6.786,30,6.452000141,0.70835,0.79661,0.706156135,6.601,0.0491,0.08423,0.0927,0.070983924,6.801,6.557130716,6.346869566
Germany,Germany,Germany,Western Europe,Western Europe,2.50931,2.11569,2.015769958,1.44787,1.32792,1.487923384,1.09774,1.29937,1.472520351,0.53466,0.61477,0.562511384,0.30452,0.28214,0.336269170,26,16,6.994,6.75,16,6.951000214,0.81487,0.89186,0.798950732,6.93,0.01848,0.28551,0.21843,0.276731938,7.058,7.005381569,6.896618858
Chile,Chile,Chile,Latin America and Caribbean,Latin America and Caribbean,2.95505,2.67585,2.509585857,1.2167,1.10715,1.252784610,0.90587,1.12447,1.284024954,0.37789,0.44132,0.376895279,0.31595,0.33363,0.326662421,27,24,6.705,6.67,20,6.651999950,0.81883,0.85857,0.819479704,6.615,0.058,0.11451,0.12869,0.082287982,6.795,6.739250560,6.564749341
Qatar,Qatar,Qatar,Middle East and Northern Africa,Middle East and Northern Africa,1.58224,1.55674,1.145464420,1.82427,1.69042,1.870765686,0.87964,1.0786,1.274296880,0.56679,0.6404,0.604130983,0.32388,0.32573,0.330473870,28,36,6.375,6.611,35,6.375,0.71723,0.79733,0.710098088,6.178,0.06257,0.48049,0.52208,0.439299256,6.572,6.568476814,6.181523186
France,France,France,Western Europe,Western Europe,2.4744,2.21126,2.005954742,1.39488,1.27778,1.430923462,1.00508,1.26038,1.387776852,0.46562,0.55011,0.470222116,0.1216,0.12332,0.129762307,29,32,6.478,6.575,31,6.441999912,0.83795,0.94579,0.844465852,6.397,0.03512,0.17808,0.20646,0.172502428,6.559,6.515767802,6.368232022
Argentina,Argentina,Argentina,Latin America and Caribbean,Latin America and Caribbean,3.12985,2.836,2.614005327,1.15137,1.05351,1.185295463,1.06612,1.24823,1.440451145,0.42284,0.44974,0.494519204,0.10989,0.11451,0.109457061,30,26,6.65,6.574,24,6.598999977,0.69711,0.78723,0.695137084,6.56,0.04612,0.07296,0.08484,0.059739888,6.74,6.690085086,6.507914868
Czech Republic,Czech Republic,Czech Republic,Central and Eastern Europe,Central and Eastern Europe,2.96211,2.67782,2.451861858,1.30915,1.17898,1.352682352,1.00793,1.20643,1.433885217,0.41418,0.46364,0.490946174,0.09929,0.10686,0.088106759,31,27,6.596,6.505,23,6.609000206,0.76376,0.84483,0.754444003,6.515,0.04168,0.03986,0.02652,0.036872927,6.677,6.683862463,6.534137949
Uruguay,Uruguay,Uruguay,Latin America and Caribbean,Latin America and Caribbean,2.67139,2.32142,2.172409534,1.18157,1.06166,1.217559695,1.03143,1.2089,1.412227869,0.54388,0.60362,0.579392254,0.18056,0.2324,0.175096929,32,29,6.545,6.485,28,6.453999996,0.72183,0.8116,0.719216824,6.456,0.04539,0.21394,0.24558,0.178061873,6.634,6.545906218,6.362093775
Colombia,Colombia,Colombia,Latin America and Caribbean,Latin America and Caribbean,3.17471,2.85737,2.616068125,1.03032,0.91861,1.070622325,1.02169,1.24018,1.402182937,0.44735,0.53466,0.477487415,0.15626,0.18401,0.149014473,33,31,6.481,6.477,36,6.356999874,0.59659,0.69077,0.595027924,6.384,0.05051,0.05399,0.0512,0.046668742,6.578,6.452020054,6.261979694
Thailand,Thailand,Thailand,Southeastern Asia,Southeastern Asia,2.5796,2.31945,2.039508343,1.0893,0.9669,1.127868772,1.04477,1.26504,1.425792456,0.49553,0.55664,0.580200732,0.58696,0.5763,0.572123110,34,33,6.474,6.455,32,6.423999786,0.64915,0.7385,0.647239029,6.396,0.03557,0.02833,0.03187,0.031612735,6.552,6.509116856,6.338882717
Saudi Arabia,Saudi Arabia,Saudi Arabia,Middle East and Northern Africa,Middle East and Northern Africa,2.61482,2.43872,2.065429688,1.48953,1.39541,1.530623555,0.84829,1.08393,1.286677599,0.37904,0.31048,0.449750572,0.15457,0.13706,0.147616014,35,34,6.379,6.411,37,6.343999863,0.59267,0.72025,0.590148330,6.287,0.04633,0.30008,0.32524,0.273432255,6.471,6.444166612,6.243833113
Spain,Spain,Spain,Western Europe,Western Europe,2.39663,2.12367,1.927757740,1.34253,1.23011,1.384397864,1.12945,1.31379,1.532090902,0.37545,0.45951,0.408781230,0.17665,0.18227,0.190133572,36,37,6.361,6.329,34,6.402999878,0.87896,0.95562,0.888960600,6.288,0.03468,0.06137,0.06398,0.070914097,6.434,6.471054845,6.334944911
Malta,Malta,Malta,Western Europe,Western Europe,1.99032,1.6488,1.556862831,1.30782,1.2074,1.343279839,1.09879,1.30203,1.488411665,0.54994,0.60365,0.588767052,0.56237,0.51752,0.574730575,37,30,6.488,6.302,27,6.526999950,0.80315,0.88721,0.821944237,6.409,0.04206,0.17554,0.13586,0.153066069,6.567,6.598396773,6.455603128
Taiwan,Taiwan,,Eastern Asia,Eastern Asia,2.61523,2.32323,,1.39729,1.29098,,0.92624,1.07617,,0.32377,0.3974,,0.25495,0.25376,,38,34,6.379,6.298,,,0.79565,0.8753,,6.305,0.03868,0.0663,0.08129,,6.453,,
Kuwait,Kuwait,Kuwait,Middle East and Northern Africa,Middle East and Northern Africa,2.28085,1.87634,1.640425205,1.61714,1.55422,1.632952452,0.87758,1.16594,1.259698749,0.43166,0.55499,0.496337593,0.15965,0.16228,0.228289798,39,41,6.239,6.295,39,6.105000019,0.63569,0.72492,0.632105708,6.154,0.04456,0.23669,0.25609,0.215159550,6.324,6.191956989,6.018043049
Suriname,Suriname,,Latin America and Caribbean,Latin America and Caribbean,3.06852,2.79094,,1.09686,0.99534,,0.77866,0.972,,0.52234,0.59657,,0.16665,0.16991,,40,40,6.269,6.269,,,0.50933,0.6082,,6.073,0.09811,0.12692,0.13633,,6.465,,
Trinidad and Tobago,Trinidad and Tobago,Trinidad and Tobago,Latin America and Caribbean,Latin America and Caribbean,2.51394,2.26882,2.053247452,1.32572,1.21183,1.361355901,0.98569,1.18354,1.380228519,0.48453,0.55884,0.518630743,0.31935,0.31844,0.325296462,41,43,6.168,6.168,38,6.168000221,0.52608,0.61483,0.519983292,5.95,0.10895,0.01241,0.0114,0.008964816,6.386,6.381533891,5.954466552
El Salvador,El Salvador,El Salvador,Latin America and Caribbean,Latin America and Caribbean,3.22134,3.035,2.714593887,0.8737,0.76454,0.909784496,0.80975,1.02507,1.182125092,0.37269,0.4035,0.432452530,0.08877,0.10692,0.078257985,42,46,6.068,6.13,45,6.002999783,0.596,0.67737,0.596018553,5.967,0.05618,0.10613,0.11776,0.089980960,6.169,6.108635122,5.897364443
Guatemala,Guatemala,Guatemala,Latin America and Caribbean,Latin America and Caribbean,3.19863,2.74255,2.893891096,0.83454,0.74553,0.872001946,0.87119,1.04356,1.255585194,0.50379,0.57733,0.531310618,0.28808,0.27489,0.283488393,43,39,6.324,6.123,29,6.453999996,0.54039,0.64425,0.540239990,6.213,0.05224,0.08701,0.09472,0.077223279,6.435,6.566873973,6.341126020
Uzbekistan,Uzbekistan,Uzbekistan,Central and Eastern Europe,Central and Eastern Europe,2.34638,2.23741,1.816913605,0.73591,0.63244,0.786441088,1.1681,1.34043,1.548969150,0.60848,0.65821,0.658248663,0.34326,0.22837,0.415983647,44,49,5.987,6.003,47,5.971000195,0.50163,0.59772,0.498272628,5.896,0.04361,0.28333,0.30826,0.246528223,6.078,6.065537573,5.876462816
Slovakia,Slovakia,Slovakia,Central and Eastern Europe,Central and Eastern Europe,2.61065,2.24639,2.097776651,1.27973,1.16891,1.325393558,1.08268,1.26999,1.505059242,0.23391,0.31751,0.295817465,0.13837,0.16893,0.136544481,45,45,6.078,5.995,40,6.098000050,0.70367,0.78902,0.712732911,5.996,0.04267,0.02947,0.03431,0.024210852,6.16,6.177348412,6.018651687
Japan,Japan,Japan,Eastern Asia,Eastern Asia,1.80584,1.68435,1.363223553,1.38007,1.27074,1.416915178,1.06054,1.25712,1.436337829,0.46761,0.49615,0.505625546,0.10224,0.10705,0.120572768,46,53,5.921,5.987,51,5.920000076,0.91491,0.99111,0.913475871,5.85,0.03581,0.18985,0.1806,0.163760737,5.992,5.990719445,5.849280708
South Korea,South Korea,South Korea,Eastern Asia,Eastern Asia,2.35015,2.21978,1.880378008,1.35948,1.24461,1.401678443,0.72194,0.95774,1.128274441,0.25168,0.33208,0.257921666,0.18824,0.18557,0.206674367,47,57,5.835,5.984,55,5.837999821,0.88645,0.96538,0.900214076,5.747,0.04098,0.07716,0.07857,0.063282669,5.923,5.922559028,5.753440613
Ecuador,Ecuador,Ecuador,Latin America and Caribbean,Latin America and Caribbean,2.77366,2.53942,2.290352583,0.97306,0.86402,1.000820398,0.85974,0.99903,1.286168814,0.4027,0.48574,0.455198199,0.10074,0.11541,0.150112465,48,51,5.976,5.975,44,6.007999897,0.68613,0.79075,0.685636222,5.88,0.04528,0.18037,0.1809,0.140134647,6.072,6.105847675,5.910152119
Bahrain,Bahrain,Bahrain,Middle East and Northern Africa,Middle East and Northern Africa,2.27405,1.73797,1.656149387,1.44024,1.32376,1.488412261,0.94397,1.21624,1.323110461,0.47375,0.45492,0.536746919,0.17147,0.17362,0.172668487,49,42,6.218,5.96,41,6.086999893,0.65696,0.74716,0.653133035,6.128,0.05412,0.25772,0.306,0.257042170,6.308,6.178989068,5.995010719
Italy,Italy,Italy,Western Europe,Western Europe,2.34918,2.02518,1.813312054,1.35495,1.25114,1.395066619,1.04167,1.19777,1.444923282,0.18827,0.26236,0.256450713,0.16684,0.22823,0.172789648,50,50,5.977,5.948,48,5.964000225,0.85102,0.95446,0.853144348,5.898,0.03914,0.02556,0.02901,0.028028091,6.056,6.042736906,5.885263544
Bolivia,Bolivia,Bolivia,Latin America and Caribbean,Latin America and Caribbean,2.91635,2.82334,2.443279028,0.79422,0.68133,0.833756566,0.83779,0.97841,1.227619052,0.50961,0.57414,0.558732927,0.21698,0.20536,0.225560725,51,59,5.822,5.89,58,5.822999954,0.4697,0.5392,0.473630250,5.74,0.05642,0.07746,0.088,0.060477726,5.904,5.903976903,5.742023006
Moldova,Moldova,Moldova,Central and Eastern Europe,Central and Eastern Europe,3.38007,3.10712,2.807808399,0.69177,0.59448,0.728870630,0.83132,1.01528,1.251825571,0.25202,0.32818,0.240729049,0.19997,0.20951,0.208779126,52,55,5.897,5.889,56,5.837999821,0.52309,0.61826,0.589465201,5.823,0.03799,0.01903,0.01615,0.010091286,5.971,5.908370838,5.767628803
Paraguay,Paraguay,Paraguay,Latin America and Caribbean,Latin America and Caribbean,2.16091,2.18896,1.685333490,0.89373,0.75985,0.932537317,1.11111,1.30477,1.507284880,0.46235,0.53899,0.473507792,0.25296,0.3424,0.224150658,53,70,5.538,5.878,70,5.493000031,0.58295,0.66098,0.579250693,5.453,0.04563,0.07396,0.08242,0.091065913,5.623,5.577381270,5.408618791
Kazakhstan,Kazakhstan,Kazakhstan,Central and Eastern Europe,Central and Eastern Europe,2.49325,2.24729,1.784892559,1.22943,1.12254,1.284556270,0.95544,1.12241,1.384369016,0.4052,0.51649,0.437454283,0.15011,0.11827,0.201964423,54,54,5.919,5.855,60,5.818999767,0.57386,0.64368,0.606041551,5.837,0.04114,0.11132,0.08454,0.119282886,6.001,5.903641775,5.734357760
Slovenia,Slovenia,Slovenia,Central and Eastern Europe,Central and Eastern Europe,1.79522,1.61583,1.313317299,1.29947,1.18498,1.341205955,1.05613,1.27385,1.452518821,0.53164,0.60855,0.572575808,0.25738,0.25328,0.242649093,55,63,5.768,5.848,62,5.757999897,0.79151,0.87337,0.790828228,5.683,0.04251,0.03635,0.03787,0.045128979,5.853,5.842225160,5.673774634
Lithuania,Lithuania,Lithuania,Central and Eastern Europe,Central and Eastern Europe,2.60525,2.44649,2.228440523,1.2692,1.14723,1.314582348,1.06411,1.25745,1.473516107,0.18929,0.21342,0.234231785,0.02025,0.02641,0.010164657,56,60,5.813,5.833,52,5.901999950,0.64674,0.73128,0.628949940,5.734,0.03843,0.0182,0.01031,0.011865643,5.892,5.982669641,5.821330259
Nicaragua,Nicaragua,Nicaragua,Latin America and Caribbean,Latin America and Caribbean,2.82428,2.32407,2.513930559,0.69384,0.59325,0.737299204,0.89521,1.14184,1.287215710,0.46582,0.55475,0.447551847,0.29773,0.27815,0.301674217,57,48,5.992,5.828,43,6.071000099,0.65213,0.74314,0.653095961,5.877,0.05371,0.16292,0.19317,0.130687982,6.107,6.186583600,5.955416598
Peru,Peru,Peru,Latin America and Caribbean,Latin America and Caribbean,2.73117,2.5945,2.207269430,0.99602,0.90019,1.035225272,0.81255,0.97459,1.218770385,0.37502,0.41496,0.450002879,0.14527,0.14982,0.126819715,58,64,5.743,5.824,63,5.715000153,0.62994,0.73017,0.630166113,5.647,0.04615,0.05292,0.05989,0.047049087,5.839,5.811946779,5.618053527
Belarus,Belarus,Belarus,Central and Eastern Europe,Central and Eastern Europe,2.38582,2.1309,1.723232985,1.13062,1.03192,1.156557560,1.04993,1.23289,1.444945216,0.29091,0.37938,0.295400262,0.13942,0.11046,0.155137509,59,61,5.802,5.813,67,5.568999767,0.63104,0.73608,0.637714267,5.723,0.03938,0.17457,0.1909,0.156313822,5.881,5.646114244,5.491885291
Poland,Poland,Poland,Central and Eastern Europe,Central and Eastern Europe,2.20035,1.86565,1.797722816,1.24585,1.12555,1.291787863,1.04685,1.27948,1.445711970,0.4519,0.53122,0.520342112,0.14443,0.16759,0.158465967,60,57,5.835,5.791,46,5.973000050,0.69058,0.77903,0.699475348,5.749,0.04263,0.055,0.04212,0.059307806,5.921,6.053908341,5.892091758
Malaysia,Malaysia,Malaysia,Southeastern Asia,Southeastern Asia,2.35384,1.88541,2.004448891,1.25142,1.12486,1.291215420,0.88025,1.07023,1.284646034,0.39031,0.53024,0.402264982,0.41474,0.33075,0.416608930,61,47,6.005,5.77,42,6.084000111,0.62366,0.72394,0.618784428,5.921,0.0433,0.09081,0.10501,0.065600708,6.089,6.179979637,5.988020585
Croatia,Croatia,Croatia,Central and Eastern Europe,Central and Eastern Europe,2.52462,2.75414,1.854492426,1.18649,1.08254,1.222556233,0.60809,0.79624,0.967983007,0.23907,0.25883,0.255772293,0.18434,0.05444,0.248002976,62,74,5.488,5.759,77,5.293000221,0.70524,0.78805,0.701288521,5.402,0.04394,0.04002,0.0243,0.043103110,5.574,5.391777205,5.194223238
Libya,Libya,Libya,Middle East and Northern Africa,Middle East and Northern Africa,2.39374,2.09066,1.835011244,1.06688,1.13145,1.101803064,0.95076,1.11862,1.357564330,0.40672,0.41668,0.465733230,0.17087,0.18295,0.152073666,63,67,5.615,5.754,68,5.525000095,0.52304,0.7038,0.520169020,5.406,0.07832,0.10339,0.11023,0.092610210,5.824,5.676953807,5.373046384
Russia,Russia,Russia,Central and Eastern Europe,Central and Eastern Europe,2.59115,2.27394,2.205607414,1.23228,1.13764,1.281778097,1.05261,1.23617,1.469282389,0.32682,0.36679,0.373783112,0.02736,0.00199,0.052263822,64,56,5.856,5.716,49,5.962999821,0.58991,0.66926,0.547349334,5.789,0.03135,0.03586,0.03005,0.032962881,5.923,6.030274907,5.895724734
Jamaica,Jamaica,Jamaica,Latin America and Caribbean,Latin America and Caribbean,2.35682,2.32038,1.612325668,0.89333,0.81038,0.925579309,0.96372,1.15102,1.368218064,0.43597,0.50442,0.474307239,0.22245,0.2123,0.233818337,65,73,5.51,5.709,76,5.310999870,0.59469,0.68741,0.641022384,5.315,0.13693,0.04294,0.02299,0.055267781,5.705,5.581398728,5.040601012
North Cyprus,North Cyprus,North Cyprus,Western Europe,Western Europe,1.93447,1.59888,1.549157619,1.31141,1.20806,1.346911311,0.81826,1.07008,1.186303377,0.43596,0.49027,0.471203625,0.26322,0.26169,0.266845703,66,62,5.771,5.695,61,5.809999943,0.84142,0.92356,0.834647238,5.67,0.05635,0.16578,0.1428,0.155353352,5.872,5.897366465,5.722633421
Cyprus,Cyprus,Cyprus,Western Europe,Western Europe,2.04497,1.88931,1.621249199,1.31857,1.20813,1.355938077,0.70697,0.89318,1.131363273,0.29507,0.40672,0.355111539,0.27906,0.30638,0.271254301,67,69,5.546,5.689,65,5.620999813,0.8488,0.92356,0.844714701,5.442,0.0558,0.05228,0.06146,0.041237976,5.65,5.714692699,5.527306927
Algeria,Algeria,Algeria,Middle East and Northern Africa,Middle East and Northern Africa,3.40904,2.43209,2.567603827,1.05266,0.93929,1.091864467,0.83309,1.07772,1.146217465,0.21006,0.28579,0.233335808,0.07044,0.07822,0.069436647,68,38,6.355,5.605,53,5.872000217,0.61804,0.61766,0.617584646,6.227,0.05099,0.16157,0.17383,0.146096110,6.483,5.978286434,5.765714001
Kosovo,Kosovo,Kosovo,Central and Eastern Europe,Central and Eastern Europe,2.80998,2.76579,2.010540724,0.90145,0.80148,0.951484382,0.66062,0.81198,1.137853503,0.14396,0.24749,0.260287941,0.27992,0.2831,0.319931448,69,77,5.401,5.589,78,5.278999805,0.54,0.63132,0.541452050,5.308,0.05018,0.06547,0.04741,0.057471618,5.494,5.364847995,5.193151615
Turkmenistan,Turkmenistan,Turkmenistan,Central and Eastern Europe,Central and Eastern Europe,2.21489,1.86984,1.832909822,1.08017,0.95847,1.130776763,1.03817,1.22668,1.493149161,0.37408,0.4761,0.418271929,0.22567,0.16979,0.249924988,70,65,5.658,5.548,59,5.822000027,0.44006,0.53886,0.437726080,5.58,0.04175,0.28467,0.30844,0.259270340,5.736,5.885180876,5.758819178
Mauritius,Mauritius,Mauritius,Sub-Saharan Africa,Sub-Saharan Africa,2.20223,1.76145,1.697583914,1.14372,1.00761,1.189395547,0.75695,0.98521,1.209560990,0.46145,0.56066,0.491247326,0.36951,0.37744,0.360933751,71,66,5.648,5.477,64,5.629000187,0.66189,0.7095,0.638007462,5.507,0.07197,0.05203,0.07521,0.042181555,5.789,5.729862192,5.528138182
Hong Kong,Hong Kong,,Eastern Asia,Eastern Asia,0.92614,0.65429,,1.5107,1.38604,,0.87021,1.05818,,0.48079,0.59608,,0.40097,0.39478,,72,75,5.458,5.474,,,0.95277,1.01328,,5.362,0.05051,0.31647,0.37124,,5.554,,
Estonia,Estonia,Estonia,Central and Eastern Europe,Central and Eastern Europe,1.81985,1.58782,1.357508659,1.27964,1.15174,1.320879340,1.05163,1.22791,1.476671100,0.41511,0.44888,0.479131430,0.08423,0.0868,0.098890811,73,72,5.517,5.429,66,5.611000061,0.68098,0.77361,0.695168316,5.437,0.04013,0.18519,0.15184,0.183248922,5.597,5.688139874,5.533860248
Indonesia,Indonesia,Indonesia,Southeastern Asia,Southeastern Asia,2.03171,1.86399,1.429476976,0.95104,0.82827,0.995538592,0.87625,1.08708,1.274444699,0.39237,0.46611,0.443323463,0.56521,0.51535,0.611704588,74,79,5.314,5.399,81,5.262000084,0.49374,0.63793,0.492345721,5.237,0.02596,0.00322,0,0.015317135,5.391,5.352888598,5.171111570
Vietnam,Vietnam,Vietnam,Southeastern Asia,Southeastern Asia,1.9418,2.20173,1.462318659,0.74037,0.63216,0.788547575,0.79117,0.91226,1.277491331,0.55954,0.59444,0.571055591,0.25075,0.1686,0.234968051,75,96,5.061,5.36,94,5.073999882,0.66157,0.74676,0.652168989,4.991,0.03107,0.11556,0.10441,0.087633237,5.131,5.147280765,5.000718999
Turkey,Turkey,Turkey,Middle East and Northern Africa,Middle East and Northern Africa,2.29074,2.08528,1.879277945,1.16492,1.06098,1.198274374,0.87717,0.94632,1.337753177,0.23889,0.22815,0.300740600,0.04707,0.12253,0.046693042,76,78,5.389,5.332,69,5.5,0.64718,0.73172,0.637605608,5.295,0.03864,0.12348,0.15746,0.099671580,5.483,5.594864963,5.405135037
Kyrgyzstan,Kyrgyzstan,Kyrgyzstan,Central and Eastern Europe,Central and Eastern Europe,2.28136,2.2327,1.536723137,0.56044,0.47428,0.596220076,0.95434,1.15115,1.394238591,0.40212,0.43477,0.454943389,0.38432,0.3003,0.428580374,77,85,5.185,5.286,98,5.004000187,0.55449,0.65088,0.553457797,5.103,0.03823,0.04762,0.04232,0.039439179,5.267,5.089919903,4.918080471
Nigeria,Nigeria,Nigeria,Sub-Saharan Africa,Sub-Saharan Africa,2.88586,2.89319,2.365390539,0.75216,0.65435,0.783756256,0.64498,0.90432,1.215770483,0.27854,0.34334,0.394952565,0.23219,0.27233,0.230947196,78,103,4.875,5.268,95,5.073999882,0.05108,0.16007,0.056915730,4.75,0.04192,0.0305,0.0403,0.026121566,5,5.209500135,4.938499628
Bhutan,Bhutan,Bhutan,Southern Asia,Southern Asia,1.82916,1.63794,1.140184402,0.8527,0.77042,0.885416389,0.90836,1.10395,1.340126514,0.46074,0.53206,0.501537681,0.48546,0.47998,0.474054545,79,84,5.196,5.253,97,5.011000156,0.49759,0.57407,0.495879292,5.138,0.03225,0.1616,0.15445,0.173380390,5.254,5.079334562,4.942665751
Azerbaijan,Azerbaijan,Azerbaijan,Central and Eastern Europe,Central and Eastern Europe,2.2735,2.00073,1.762481689,1.12373,1.02389,1.153601766,0.76042,0.93793,1.152400255,0.35327,0.3703,0.398155838,0.0564,0.07799,0.045269340,80,81,5.291,5.212,85,5.234000206,0.54504,0.64045,0.540775776,5.226,0.03363,0.17914,0.16065,0.180987507,5.356,5.299286535,5.168713877
Pakistan,Pakistan,Pakistan,Southern Asia,Southern Asia,3.18286,3.10709,2.792489290,0.68816,0.59543,0.726883531,0.26135,0.41411,0.672690690,0.14622,0.12102,0.235215262,0.31185,0.33671,0.315446019,81,92,5.132,5.194,80,5.269000053,0.40306,0.51466,0.402047783,5.038,0.03726,0.1388,0.10464,0.124348067,5.226,5.359983641,5.178016465
Jordan,Jordan,Jordan,Middle East and Northern Africa,Middle East and Northern Africa,2.20142,1.87996,1.791176558,0.99673,0.90198,0.991012394,0.86216,1.05392,1.239088893,0.36023,0.40661,0.418421149,0.14262,0.11053,0.172170460,82,80,5.303,5.192,74,5.335999966,0.60712,0.69639,0.604590058,5.187,0.04524,0.13297,0.14293,0.119803272,5.419,5.448410022,5.223589909
Montenegro,Montenegro,Montenegro,Central and Eastern Europe,Central and Eastern Europe,2.25531,2.10017,1.729191542,1.07838,0.97438,1.121129036,0.74173,0.90557,1.238376498,0.15111,0.1826,0.194989055,0.17191,0.1614,0.197911024,82,88,5.161,5.192,83,5.236999989,0.63533,0.72521,0.667464674,5.055,0.05235,0.12721,0.14296,0.088174194,5.267,5.341044441,5.132955537
China,China,China,Eastern Asia,Eastern Asia,2.17087,1.8604,1.764938593,1.0278,0.89012,1.081165791,0.79381,0.94675,1.160837412,0.44012,0.51697,0.472787708,0.04959,0.08185,0.028806841,84,83,5.245,5.14,79,5.272999763,0.73561,0.81658,0.741415501,5.199,0.02424,0.02745,0.02781,0.022794275,5.291,5.319278090,5.226721437
Zambia,Zambia,Zambia,Sub-Saharan Africa,Sub-Saharan Africa,2.58991,2.6343,1.826705456,0.61202,0.47038,0.636406779,0.6376,0.91612,1.003187299,0.42662,0.48827,0.461603492,0.17866,0.19591,0.249580145,85,106,4.795,5.129,116,4.513999939,0.23573,0.29924,0.257835895,4.645,0.06988,0.11479,0.12468,0.078213550,4.945,4.644105501,4.383894376
Romania,Romania,Romania,Central and Eastern Europe,Central and Eastern Europe,2.45184,1.93129,2.176831484,1.1697,1.04345,1.217683911,0.72803,0.88588,1.150091290,0.36712,0.35068,0.457003742,0.12889,0.13748,0.133519918,86,71,5.528,5.124,57,5.824999809,0.67602,0.7689,0.685158312,5.427,0.06607,0.00679,0.00649,0.004387901,5.629,5.919694157,5.730305462
Serbia,Serbia,Serbia,Central and Eastern Europe,Central and Eastern Europe,2.27539,2.025,1.947084427,1.03437,0.92053,1.069317579,0.81329,1.00964,1.258189797,0.15718,0.20107,0.208715528,0.20737,0.19231,0.220125884,87,86,5.177,5.123,73,5.394999981,0.6458,0.74836,0.650784671,5.083,0.04864,0.04339,0.02617,0.040903781,5.271,5.491569656,5.298430306
Portugal,Portugal,Portugal,Western Europe,Western Europe,1.53015,1.26462,1.107682705,1.27607,1.15991,1.315175295,0.94367,1.13935,1.367043018,0.44727,0.51469,0.498465300,0.11691,0.13719,0.095102713,88,94,5.123,5.102,89,5.195000172,0.79363,0.87519,0.795843542,5.03,0.04802,0.01521,0.01078,0.015869452,5.216,5.285041733,5.104958610
Latvia,Latvia,Latvia,Central and Eastern Europe,Central and Eastern Europe,2.20859,1.62215,1.993655205,1.21788,1.11312,1.260748625,0.95025,1.09562,1.404714942,0.27996,0.29671,0.325707912,0.17445,0.18226,0.153074786,89,68,5.56,5.098,54,5.849999905,0.63952,0.72437,0.638566971,5.486,0.0464,0.0889,0.06332,0.073842727,5.634,5.920263538,5.779736271
Philippines,Philippines,Philippines,Southeastern Asia,Southeastern Asia,2.23484,1.7536,1.972604752,0.81217,0.70532,0.857699215,0.87877,1.03516,1.253917575,0.54854,0.62545,0.585214674,0.21674,0.24991,0.193513423,90,82,5.279,5.073,72,5.429999828,0.47036,0.58114,0.468009055,5.16,0.04934,0.11757,0.12279,0.099331893,5.398,5.545335054,5.314664602
,Somaliland region,,,Sub-Saharan Africa,,2.11032,,,0.18847,,,0.95152,,,0.46582,,,0.50318,,91,,,5.057,,,,0.43873,,,0.06161,,0.39928,,,,
Morocco,Morocco,Morocco,Middle East and Northern Africa,Middle East and Northern Africa,2.94891,2.45373,2.456189394,0.84058,0.73479,0.878114581,0.38595,0.64095,0.774864435,0.25646,0.41691,0.408158332,0.04053,0.07172,0.032209955,92,90,5.151,5.013,84,5.235000134,0.59471,0.60954,0.597710669,5.058,0.0342,0.08404,0.08546,0.087763183,5.244,5.318340965,5.151659302
Macedonia,Macedonia,Macedonia,Central and Eastern Europe,Central and Eastern Europe,2.08947,1.73933,1.617469311,1.0193,0.91851,1.064577937,0.78236,1.00232,1.207893014,0.27668,0.33457,0.325905979,0.23507,0.22359,0.253760964,93,95,5.121,5.007,92,5.175000191,0.64738,0.73545,0.644948184,5.017,0.05376,0.07047,0.05327,0.060277794,5.225,5.272172640,5.077827742
,Mozambique,,,Sub-Saharan Africa,,3.05137,,,0.08308,,,1.02626,,,0.34037,,,0.22269,,94,,,4.971,,,,0.09131,,,0.07896,,0.15603,,,,
Albania,Albania,Albania,Central and Eastern Europe,Central and Eastern Europe,1.92816,1.89894,1.490441561,0.9553,0.87867,0.996192753,0.50163,0.80434,0.803685248,0.31866,0.35733,0.381498635,0.1684,0.14272,0.201312944,95,109,4.655,4.959,109,4.644000053,0.73007,0.81325,0.731159747,4.546,0.05013,0.05301,0.06413,0.039864216,4.764,4.752464006,4.535536100
Bosnia and Herzegovina,Bosnia and Herzegovina,Bosnia and Herzegovina,Central and Eastern Europe,Central and Eastern Europe,2.48406,2.06367,1.892172575,0.93383,0.83223,0.982409418,0.64367,0.91916,1.069335938,0.09511,0.09245,0.204403177,0.29889,0.24808,0.328867495,96,87,5.163,4.949,90,5.182000160,0.70766,0.79081,0.705186307,5.063,0.06913,0,0.00227,0,5.263,5.276335687,5.087664634
,Lesotho,,,Sub-Saharan Africa,,2.79832,,,0.37545,,,1.04103,,,0.31767,,,0.16388,,97,,,4.898,,,,0.07612,,,0.09438,,0.12504,,,,
Dominican Republic,Dominican Republic,Dominican Republic,Latin America and Caribbean,Latin America and Caribbean,1.69626,1.21305,1.319465160,1.02787,0.89537,1.079373837,0.99496,1.17202,1.402416706,0.52259,0.57672,0.552589834,0.21286,0.21684,0.186967850,98,89,5.155,4.885,86,5.230000019,0.57669,0.66825,0.574873745,5.037,0.07446,0.12372,0.14234,0.113945253,5.273,5.349060885,5.110939153
Laos,Laos,,Southeastern Asia,Southeastern Asia,2.08637,1.73799,,0.68042,0.59066,,0.5497,0.73803,,0.52168,0.59591,,0.43079,0.42192,,99,102,4.876,4.876,,,0.38291,0.54909,,4.742,0.06698,0.22423,0.24249,,5.01,,
Mongolia,Mongolia,Mongolia,Eastern Asia,Eastern Asia,1.53586,1.34759,1.111292362,0.98853,0.82819,1.027235866,1.08983,1.3006,1.493011236,0.35972,0.43626,0.394143969,0.34539,0.3323,0.338464230,100,101,4.907,4.874,100,4.954999924,0.55469,0.60268,0.557783484,4.838,0.03313,0.03285,0.02666,0.032902289,4.976,5.021679509,4.888320338
,Swaziland,,,Sub-Saharan Africa,,2.48676,,,0.71206,,,1.07284,,,0.30658,,,0.18259,,101,,,4.867,,,,0.07566,,,0.08742,,0.0306,,,,
Greece,Greece,Greece,Western Europe,Western Europe,2.12944,1.80101,1.749221563,1.24886,1.15406,1.289487481,0.75473,0.92933,1.239414573,0.05822,0.07699,0.095731251,0,0,0,102,99,5.033,4.857,87,5.227000237,0.80029,0.88213,0.810198903,4.935,0.05062,0.04127,0.01397,0.043289777,5.131,5.325246169,5.128754304
Lebanon,Lebanon,Lebanon,Middle East and Northern Africa,Middle East and Northern Africa,2.07339,1.57059,1.695073843,1.12268,1.02564,1.074987531,0.64184,0.80001,1.129624248,0.26228,0.33916,0.288515985,0.23693,0.21854,0.264450759,103,93,5.129,4.839,88,5.224999905,0.76171,0.83947,0.735081077,5.031,0.04337,0.03061,0.04582,0.037513830,5.227,5.318882288,5.131117521
Hungary,Hungary,Hungary,Central and Eastern Europe,Central and Eastern Europe,1.95473,1.24074,1.716459274,1.24142,1.12094,1.286011934,0.93164,1.20215,1.343133092,0.1977,0.32112,0.175863519,0.099,0.128,0.078401662,104,91,5.145,4.8,75,5.323999882,0.67608,0.75905,0.687763453,5.056,0.06107,0.04472,0.02758,0.036636937,5.234,5.403039709,5.244960054
Honduras,Honduras,Honduras,Latin America and Caribbean,Latin America and Caribbean,2.29551,1.84408,2.065811157,0.69429,0.59532,0.730573118,0.75596,0.95348,1.143944979,0.26755,0.40148,0.348079860,0.2044,0.23027,0.236188874,105,104,4.871,4.788,91,5.181000233,0.58383,0.6951,0.582569480,4.75,0.05648,0.06906,0.06825,0.073345453,4.992,5.301582797,5.060417669
Tajikistan,Tajikistan,Tajikistan,Central and Eastern Europe,Central and Eastern Europe,2.39106,2.11399,1.849049330,0.48835,0.39047,0.524713635,0.75602,0.85563,1.271463275,0.43408,0.47216,0.471566707,0.25998,0.22974,0.248997644,106,100,4.996,4.786,96,5.040999889,0.53119,0.57379,0.529235125,4.923,0.03198,0.13509,0.15072,0.146377146,5.069,5.111425596,4.970574183
Tunisia,Tunisia,Tunisia,Middle East and Northern Africa,Middle East and Northern Africa,2.68413,2.12466,1.890251160,0.97724,0.88113,1.007265806,0.43165,0.60429,0.868351460,0.23553,0.26268,0.289680690,0.03936,0.06431,0.049693357,107,98,5.045,4.739,102,4.804999828,0.59577,0.73793,0.613212049,4.965,0.03589,0.0817,0.06358,0.086723149,5.125,4.884367007,4.725632650
Palestinian Territories,Palestinian Territories,Palestinian Territories,Middle East and Northern Africa,Middle East and Northern Africa,2.40364,2.04384,1.878890276,0.67024,0.59867,0.716249228,0.71629,0.92558,1.155647159,0.17744,0.24499,0.254711062,0.11154,0.11251,0.114173174,108,108,4.754,4.715,103,4.775000095,0.56844,0.66015,0.565666974,4.649,0.04394,0.10613,0.12905,0.089282602,4.859,4.881848343,4.668151848
Bangladesh,Bangladesh,Bangladesh,Southern Asia,Southern Asia,2.60904,2.51767,1.978736162,0.54177,0.39753,0.586682975,0.24749,0.43106,0.735131741,0.39778,0.4082,0.478356659,0.19132,0.21222,0.172255352,109,110,4.643,4.694,110,4.607999802,0.52989,0.60164,0.533241034,4.56,0.03077,0.12583,0.12569,0.123717859,4.726,4.689821658,4.526177945
Iran,Iran,Iran,Middle East and Northern Africa,Middle East and Northern Africa,1.99817,1.6944,1.498734951,1.11758,1.0088,1.156873107,0.38857,0.54447,0.711551249,0.22544,0.30033,0.249322608,0.38538,0.38086,0.387242913,110,105,4.813,4.686,108,4.691999912,0.64232,0.69805,0.639333189,4.703,0.04449,0.0557,0.05863,0.048761073,4.923,4.798224708,4.585775117
Ukraine,Ukraine,Ukraine,Central and Eastern Europe,Central and Eastern Europe,1.50066,1.5714,0.814382315,0.87287,0.79907,0.894651949,1.01413,1.20278,1.394537568,0.12859,0.25123,0.122974776,0.20363,0.15275,0.270061463,111,123,4.324,4.681,132,4.096000195,0.58628,0.6739,0.575903952,4.236,0.04412,0.01829,0.02961,0.023029471,4.412,4.185410105,4.006590285
Iraq,Iraq,Iraq,Middle East and Northern Africa,Middle East and Northern Africa,1.81657,1.95335,1.318907261,1.07474,0.98549,1.102710485,0.59205,0.81889,0.978613198,0.24856,0,0.288555533,0.19589,0.17922,0.199637264,112,112,4.575,4.677,117,4.497000217,0.51076,0.60237,0.501180470,4.446,0.05232,0.13636,0.13788,0.107215755,4.704,4.622591410,4.371409025
South Africa,South Africa,South Africa,Sub-Saharan Africa,Sub-Saharan Africa,1.64227,1.71956,1.510908604,1.02416,0.92049,1.054698706,0.96053,1.18468,1.384788632,0.42483,0.33207,0.479246736,0.13656,0.11973,0.139362380,113,116,4.459,4.642,101,4.828999996,0.18611,0.27688,0.187080070,4.371,0.04585,0.08415,0.08884,0.072509497,4.547,4.929435188,4.728564805
Ghana,Ghana,Ghana,Sub-Saharan Africa,Sub-Saharan Africa,2.2002,2.30919,1.577867508,0.63107,0.54558,0.667224824,0.49353,0.67954,0.873664737,0.40973,0.42342,0.423026294,0.21203,0.23087,0.256923944,114,124,4.276,4.633,131,4.119999886,0.29681,0.40132,0.295637727,4.185,0.04742,0.0326,0.04355,0.025336370,4.367,4.222707209,4.017292563
Zimbabwe,Zimbabwe,Zimbabwe,Sub-Saharan Africa,Sub-Saharan Africa,2.4427,2.44191,1.597970247,0.35041,0.271,0.375846535,0.71478,1.03276,1.083095908,0.25429,0.25861,0.336384207,0.18503,0.18987,0.189143494,115,131,4.193,4.61,138,3.875,0.1595,0.33475,0.196763754,4.101,0.0429,0.08582,0.08079,0.095375381,4.285,3.978699643,3.771300357
Liberia,Liberia,Liberia,Sub-Saharan Africa,Sub-Saharan Africa,2.23284,2.77729,1.673285961,0.10706,0.0712,0.119041793,0.50353,0.78968,0.872117937,0.25748,0.28531,0.332881182,0.24063,0.24362,0.266549885,116,150,3.622,4.571,148,3.532999992,0.23165,0.34201,0.229918197,3.463,0.11068,0.04852,0.06232,0.038948249,3.781,3.653756261,3.412243724
India,India,India,Southern Asia,Southern Asia,2.18032,2.27513,1.519117117,0.74036,0.64499,0.792221248,0.29247,0.38174,0.754372597,0.40285,0.39786,0.469987005,0.25028,0.26475,0.231538489,117,118,4.404,4.565,122,4.315000057,0.45091,0.51529,0.455427617,4.351,0.02043,0.08722,0.08492,0.092226885,4.457,4.371522017,4.258478097
Sudan,Sudan,Sudan,Sub-Saharan Africa,Sub-Saharan Africa,2.10995,2.20857,1.687065840,0.63069,0.52107,0.659516692,0.81928,1.01404,1.214008570,0,0.10081,0.014995855,0.18077,0.19062,0.182317451,118,133,4.139,4.55,130,4.138999939,0.29759,0.36878,0.290920824,3.928,0.0674,0.10039,0.1466,0.089847520,4.35,4.345747165,3.932252713
Haiti,Haiti,Haiti,Latin America and Caribbean,Latin America and Caribbean,2.37116,2.24173,1.697167635,0.34097,0.26673,0.368610263,0.29561,0.74302,0.640449822,0.12072,0.24425,0.030369857,0.47958,0.46187,0.489203781,119,136,4.028,4.518,145,3.602999926,0.27494,0.38847,0.277321130,3.893,0.07331,0.14476,0.17175,0.099872150,4.163,3.734714798,3.471285053
Congo (Kinshasa),Congo (Kinshasa),Congo (Kinshasa),Sub-Saharan Africa,Sub-Saharan Africa,2.74924,2.86712,2.224958658,0.05661,0,0.092102349,0.80676,1.0012,1.229023457,0.15602,0.22605,0.235961348,0.25458,0.24834,0.246455833,120,125,4.272,4.517,126,4.280000210,0.188,0.09806,0.191407025,4.191,0.0368,0.06075,0.07625,0.060241356,4.353,4.357810833,4.202189587
Nepal,Nepal,Nepal,Southern Asia,Southern Asia,2.32694,1.95637,1.891241074,0.44626,0.35997,0.479820192,0.69699,0.86449,1.179283261,0.37012,0.38282,0.440305948,0.3816,0.32296,0.394096166,121,107,4.793,4.514,99,4.961999893,0.50073,0.56874,0.504130781,4.698,0.03607,0.07008,0.05907,0.072975546,4.888,5.067356079,4.856643707
Ethiopia,Ethiopia,Ethiopia,Sub-Saharan Africa,Sub-Saharan Africa,2.65614,2.44876,2.015743732,0.29283,0.19073,0.339233845,0.37932,0.60406,0.864669204,0.36703,0.4345,0.408842742,0.29522,0.24325,0.312650740,122,115,4.508,4.512,119,4.460000038,0.34578,0.44055,0.353409708,4.425,0.0378,0.1717,0.15048,0.165455714,4.591,4.542728677,4.377271400
Sierra Leone,Sierra Leone,Sierra Leone,Sub-Saharan Africa,Sub-Saharan Africa,3.01402,2.51009,2.668459892,0.36485,0.33024,0.368420929,0.628,0.95571,0.984136045,0.30685,0.4084,0.318697691,0.23897,0.21488,0.293040901,123,111,4.635,4.507,106,4.709000111,0,0,0.005564754,4.505,0.07068,0.08196,0.08786,0.071095176,4.765,4.850643335,4.567356886
Mauritania,Mauritania,Mauritania,Sub-Saharan Africa,Sub-Saharan Africa,1.9263,2.11773,1.651637316,0.61391,0.45407,0.648457289,0.84142,0.86908,1.272030830,0.1268,0.24232,0.096098043,0.22686,0.219,0.201870024,124,130,4.201,4.436,123,4.291999817,0.28639,0.35874,0.285349280,4.127,0.03947,0.17955,0.17461,0.136957005,4.275,4.377163616,4.206836018
Kenya,Kenya,Kenya,Sub-Saharan Africa,Sub-Saharan Africa,1.88326,1.78555,1.651902199,0.52267,0.36471,0.560479462,0.7624,0.99876,1.067950726,0.40576,0.42215,0.452763766,0.41328,0.37542,0.444860309,125,122,4.356,4.419,112,4.552999973,0.30147,0.41435,0.309988350,4.259,0.04734,0.06686,0.05839,0.064641319,4.453,4.655691591,4.450308356
,Djibouti,,,Sub-Saharan Africa,,2.05125,,,0.44025,,,0.59207,,,0.46074,,,0.18093,,126,,,4.369,,,,0.36291,,,0.08096,,0.28105,,,,
Armenia,Armenia,Armenia,Central and Eastern Europe,Central and Eastern Europe,1.97864,1.75873,1.521499157,0.86086,0.76821,0.900596738,0.62477,0.77711,1.007483721,0.14037,0.19847,0.198303267,0.07793,0.07855,0.083488092,127,121,4.36,4.35,121,4.375999928,0.64083,0.7299,0.637524426,4.266,0.04763,0.03616,0.039,0.026674422,4.454,4.466734612,4.285265243
Botswana,Botswana,Botswana,Sub-Saharan Africa,Sub-Saharan Africa,0.96741,1.46181,0.377913713,1.09426,0.99355,1.122094154,0.89186,1.10464,1.221554995,0.44089,0.49495,0.505196333,0.12425,0.10461,0.099348448,128,137,3.974,4.332,142,3.766000032,0.34752,0.04776,0.341755509,3.875,0.04934,0.10769,0.12474,0.098583199,4.073,3.874122666,3.657877399
Myanmar,Myanmar,Myanmar,Southeastern Asia,Southeastern Asia,1.50655,1.41805,1.115290403,0.34112,0.27108,0.367110550,0.69981,0.70905,1.123235941,0.42692,0.44017,0.514492035,0.81971,0.79588,0.838075161,129,119,4.395,4.307,114,4.545000076,0.3988,0.48246,0.397522569,4.327,0.04351,0.20243,0.19034,0.188816205,4.463,4.614739946,4.475260206
Georgia,Georgia,Georgia,Central and Eastern Europe,Central and Eastern Europe,1.87031,1.59541,1.500137806,0.83792,0.7419,0.950612664,0.19249,0.38562,0.570614934,0.32461,0.40577,0.309410036,0.06786,0.05547,0.054008815,130,126,4.252,4.297,125,4.285999775,0.64035,0.72926,0.649546981,4.164,0.04221,0.3188,0.38331,0.251666635,4.34,4.374933966,4.197065584
Malawi,Malawi,Malawi,Sub-Saharan Africa,Sub-Saharan Africa,2.82859,2.80791,2.081786156,0.08709,0.01604,0.233442038,0.147,0.41134,0.512568831,0.4143,0.43054,0.466914654,0.30968,0.33128,0.287170470,131,132,4.156,4.292,136,3.970000029,0.29364,0.22562,0.315089583,4.041,0.0613,0.07564,0.06977,0.072711654,4.271,4.077478817,3.862521240
Sri Lanka,Sri Lanka,Sri Lanka,Southern Asia,Southern Asia,0.91681,0.67108,0.419389248,0.97318,0.83524,1.009850144,0.84783,1.01905,1.259976387,0.50817,0.53726,0.561213255,0.46978,0.40828,0.490863562,132,117,4.415,4.271,120,4.440000057,0.62007,0.70806,0.625130832,4.322,0.03751,0.07964,0.09179,0.073653966,4.508,4.553447192,4.326552922
Cameroon,Cameroon,Cameroon,Sub-Saharan Africa,Sub-Saharan Africa,2.5198,1.95071,2.333645582,0.52497,0.4225,0.564305365,0.62542,0.88767,0.946018219,0.42736,0.49309,0.430388749,0.2268,0.20618,0.236298457,133,114,4.513,4.252,107,4.695000172,0.12698,0.23402,0.132892117,4.417,0.04678,0.06126,0.05786,0.051306631,4.609,4.796540857,4.593459486
Bulgaria,Bulgaria,Bulgaria,Central and Eastern Europe,Central and Eastern Europe,1.15377,0.89991,0.996139288,1.11306,1.01216,1.161459088,0.92542,1.10614,1.434379458,0.21219,0.30587,0.289231718,0.12793,0.11921,0.113177694,134,129,4.217,4.218,105,4.714000225,0.67806,0.76649,0.708217680,4.104,0.04828,0.00615,0.00872,0.011051531,4.33,4.803694706,4.624305744
Egypt,Egypt,Egypt,Middle East and Northern Africa,Middle East and Northern Africa,1.96895,1.59927,1.702161074,0.95395,0.8818,0.989701807,0.49813,0.747,0.997471392,0.18847,0.17288,0.282110155,0.12706,0.11291,0.128631443,135,120,4.362,4.194,104,4.735000134,0.52116,0.61712,0.520187259,4.259,0.0326,0.10393,0.06324,0.114381365,4.465,4.825133790,4.644866477
Yemen,Yemen,Yemen,Middle East and Northern Africa,Middle East and Northern Africa,1.97295,1.92313,1.345600605,0.57939,0.54649,0.591683447,0.47493,0.68093,0.935382247,0.2287,0.35571,0.249463722,0.09821,0.09131,0.104125209,136,147,3.724,4.077,146,3.592999935,0.31048,0.40064,0.310080916,3.621,0.04367,0.05892,0.07854,0.056767423,3.827,3.692750320,3.493249550
Angola,Angola,Angola,Sub-Saharan Africa,Sub-Saharan Africa,2.09459,1.94939,1.614482403,0.84731,0.75778,0.858428180,0.66366,0.8604,1.104411960,0.00589,0.10384,0,0.12071,0.12344,0.097926490,137,141,3.866,4.033,140,3.795000076,0.04991,0.16683,0.049868666,3.753,0.04758,0.08434,0.07122,0.069720335,3.979,3.951641935,3.638358217
Mali,Mali,Mali,Sub-Saharan Africa,Sub-Saharan Africa,2.11087,1.79293,1.668190956,0.31292,0.26074,0.476180494,0.86333,1.03526,1.281473398,0.27544,0.38857,0.306613743,0.21064,0.18798,0.183354199,138,135,4.073,3.995,127,4.190000057,0.16347,0.20583,0.169365674,3.988,0.05602,0.13647,0.12352,0.104970247,4.158,4.269670711,4.110329403
Congo (Brazzaville),Congo (Brazzaville),Congo (Brazzaville),Sub-Saharan Africa,Sub-Saharan Africa,2.10681,1.68135,1.724135637,0.77109,0.67866,0.808964252,0.47799,0.6629,0.832044363,0.37938,0.41466,0.435025871,0.12077,0.12388,0.120852128,139,127,4.236,3.989,124,4.290999889,0.28212,0.31051,0.289957434,4.107,0.06682,0.09753,0.11686,0.079618134,4.365,4.410053505,4.171946274
Comoros,Comoros,,Sub-Saharan Africa,Sub-Saharan Africa,2.25632,1.95812,,0.27509,0.23906,,0.60323,0.79273,,0.15412,0.22917,,0.1827,0.17441,,140,138,3.956,3.956,,,0.29981,0.36315,,3.86,0.04797,0.18437,0.199,,4.052,,
Uganda,Uganda,Uganda,Sub-Saharan Africa,Sub-Saharan Africa,1.51416,1.42766,1.526362658,0.34719,0.21102,0.381430715,0.90981,1.13299,1.129827738,0.43653,0.45727,0.443185955,0.27102,0.29066,0.325766057,141,145,3.739,3.931,133,4.080999851,0.19625,0.33861,0.217632607,3.629,0.04317,0.06442,0.07267,0.057069719,3.849,4.195799967,3.966199735
Senegal,Senegal,Senegal,Sub-Saharan Africa,Sub-Saharan Africa,1.97861,1.44395,1.789646149,0.44314,0.36498,0.479309022,0.77416,0.97619,1.179691911,0.31056,0.36772,0.377922267,0.19103,0.20843,0.183468893,142,128,4.219,3.904,115,4.534999847,0.40457,0.4354,0.409362853,4.151,0.03608,0.11681,0.10713,0.115460448,4.287,4.601603781,4.468395914
Gabon,Gabon,Gabon,Sub-Saharan Africa,Sub-Saharan Africa,1.45332,0.99895,1.322916269,1.15851,1.06024,1.198210239,0.72368,0.90528,1.155620217,0.28098,0.31914,0.312328577,0.06244,0.06822,0.043785378,143,134,4.121,3.896,118,4.465000153,0.3494,0.43372,0.356578588,4.03,0.04547,0.09314,0.11091,0.076046787,4.212,4.557361766,4.372638540
Niger,Niger,Niger,Sub-Saharan Africa,Sub-Saharan Africa,2.09469,1.87877,1.873983383,0.1327,0.0694,0.161925331,0.6053,0.77265,0.993025005,0.38041,0.47692,0.363658696,0.2097,0.19387,0.228673846,144,142,3.856,3.845,135,4.027999878,0.26162,0.29707,0.268505007,3.781,0.03602,0.17176,0.15639,0.138572946,3.931,4.111946820,3.944052936
Cambodia,Cambodia,Cambodia,Southeastern Asia,Southeastern Asia,1.31573,0.98195,1.042941093,0.55604,0.46038,0.601765096,0.5375,0.62736,1.006238341,0.58852,0.66246,0.633375823,0.40339,0.40359,0.385922968,145,140,3.907,3.819,129,4.168000221,0.42494,0.61114,0.429783404,3.798,0.05069,0.08092,0.07247,0.068105951,4.016,4.278517814,4.057482629
Tanzania,Tanzania,Tanzania,Sub-Saharan Africa,Sub-Saharan Africa,1.37769,1.38079,0.621130466,0.47155,0.2852,0.511135876,0.77623,1.00268,1.041989803,0.3176,0.32878,0.390017778,0.31472,0.34377,0.354256362,146,149,3.666,3.781,153,3.348999977,0.357,0.38215,0.364509284,3.561,0.05061,0.05099,0.05747,0.066035107,3.771,3.461429755,3.236570199
Madagascar,Madagascar,Madagascar,Sub-Saharan Africa,Sub-Saharan Africa,2.15075,1.851,1.584612608,0.27954,0.20824,0.305808693,0.46115,0.66801,0.913020372,0.13684,0.19184,0.189196765,0.2204,0.21333,0.208732530,147,148,3.695,3.681,144,3.644000053,0.37109,0.46721,0.375223309,3.621,0.03633,0.07506,0.08124,0.067231975,3.769,3.714319106,3.573681001
,Central African Republic,,,Sub-Saharan Africa,,2.7223,,,0.0785,,,0,,,0.48879,,,0.23835,,148,,,3.678,,,,0.06699,,,0.06112,,0.08289,,,,
Chad,Chad,Chad,Sub-Saharan Africa,Sub-Saharan Africa,2.30637,1.94296,2.071238041,0.42214,0.34193,0.438012987,0.63178,0.76062,0.953855872,0.12807,0.23501,0.162342027,0.18667,0.18386,0.216113850,149,144,3.763,3.667,137,3.936000109,0.03824,0.1501,0.041134715,3.672,0.0383,0.04952,0.05269,0.053581882,3.854,4.034711524,3.837288693
Guinea,Guinea,Guinea,Sub-Saharan Africa,Sub-Saharan Africa,2.15604,1.99172,1.552311897,0.22415,0.17417,0.244549930,0.3109,0.46475,0.791244686,0.30953,0.37725,0.348587513,0.29914,0.28657,0.264815092,150,151,3.607,3.656,149,3.506999969,0.18829,0.24009,0.194129139,3.533,0.0359,0.1192,0.12139,0.110937618,3.681,3.584428129,3.429571810
Ivory Coast,Ivory Coast,Ivory Coast,Sub-Saharan Africa,Sub-Saharan Africa,1.97478,1.41723,1.844964266,0.55507,0.46534,0.603048921,0.57576,0.77115,0.904780030,0.40663,0.46866,0.447706193,0.20338,0.20165,0.201237470,151,139,3.916,3.655,128,4.179999828,0.04476,0.15185,0.048642170,3.826,0.05141,0.1553,0.17922,0.130061775,4.006,4.275182563,4.084817093
Burkina Faso,Burkina Faso,Burkina Faso,Sub-Saharan Africa,Sub-Saharan Africa,1.87319,1.46494,1.727212906,0.31995,0.25812,0.350227714,0.63054,0.85188,1.043280005,0.3337,0.39493,0.324367851,0.24353,0.21747,0.250864685,152,145,3.739,3.587,134,4.032000065,0.21297,0.27125,0.215844259,3.647,0.04324,0.12533,0.12832,0.120328106,3.831,4.124059064,3.939941065
Afghanistan,Afghanistan,Afghanistan,Southern Asia,Southern Asia,2.14558,1.9521,2.150801182,0.38227,0.31982,0.401477218,0.11037,0.30285,0.581543326,0.1643,0.23414,0.106179520,0.31268,0.3651,0.311870933,153,154,3.36,3.575,141,3.793999910,0.17344,0.30335,0.180746779,3.288,0.03084,0.07112,0.09719,0.061157830,3.432,3.873661415,3.714338405
Rwanda,Rwanda,Rwanda,Sub-Saharan Africa,Sub-Saharan Africa,0.96819,0.67042,0.540061235,0.32846,0.22208,0.368745893,0.61586,0.7737,0.945707023,0.5432,0.59201,0.581843853,0.23552,0.22628,0.252756029,154,152,3.515,3.465,151,3.470999956,0.31865,0.42864,0.326424807,3.444,0.03464,0.50521,0.55191,0.455220014,3.586,3.543030234,3.398969679
Benin,Benin,Benin,Sub-Saharan Africa,Sub-Saharan Africa,2.10812,1.63328,1.885630965,0.39499,0.28665,0.431085408,0.10419,0.35386,0.435299844,0.39747,0.4845,0.425962776,0.2018,0.1826,0.207948461,155,153,3.484,3.34,143,3.657000065,0.21028,0.3191,0.209930211,3.404,0.03656,0.06681,0.0801,0.060929015,3.564,3.745783551,3.568216578
Syria,Syria,Syria,Middle East and Northern Africa,Middle East and Northern Africa,0.81789,0.32858,1.061573505,0.74719,0.6632,0.777153134,0.14866,0.47489,0.396102607,0.06912,0.15684,0.081539445,0.48397,0.47179,0.493663728,156,156,3.069,3.006,152,3.461999893,0.62994,0.72193,0.500533342,2.936,0.05015,0.17233,0.18906,0.151347131,3.202,3.663668557,3.260331230
Burundi,Burundi,Burundi,Sub-Saharan Africa,Sub-Saharan Africa,2.10404,1.83302,1.683024168,0.06831,0.0153,0.091622569,0.23442,0.41587,0.629793584,0.0432,0.1185,0.059900753,0.2029,0.19727,0.204435185,157,157,2.905,2.905,154,2.904999971,0.15747,0.22396,0.151610792,2.732,0.08658,0.09419,0.10062,0.084147945,3.078,3.074690333,2.735309610
Togo,Togo,Togo,Sub-Saharan Africa,Sub-Saharan Africa,2.1354,1.56726,1.837229252,0.28123,0.20868,0.305444717,0,0.13995,0.431882530,0.34678,0.36453,0.380426139,0.17517,0.16681,0.196896151,158,155,3.303,2.839,150,3.494999886,0.24811,0.28443,0.247105569,3.192,0.06727,0.11587,0.10731,0.095665015,3.414,3.594038112,3.395961659
Somalia,,Somalia,Sub-Saharan Africa,,3.83772,,3.117484570,0,,0.022643184,0.33613,,0.721151352,0.56778,,0.602126956,0.27225,,0.291631311,,76,5.44,,93,5.151000023,0.11466,,0.113989137,5.321,,0.3118,,0.282410324,5.559,5.242483710,5.059516336
Namibia,,Namibia,Sub-Saharan Africa,,1.92198,,1.481890202,0.93287,,0.964434326,0.70362,,1.098470807,0.48614,,0.520303547,0.07795,,0.077133745,,113,4.574,,111,4.573999882,0.34745,,0.338611811,4.374,,0.10398,,0.093146972,4.774,4.770354741,4.377645023
Puerto Rico,,,Latin America and Caribbean,,3.0076,,,1.35943,,,1.08113,,,0.46823,,,0.22202,,,,15,7.039,,,,0.77758,,,6.794,,0.12275,,,7.284,,
Somaliland Region,,,Sub-Saharan Africa,,2.43801,,,0.25558,,,0.75862,,,0.3913,,,0.51479,,,,97,5.057,,,,0.33108,,,4.934,,0.36794,,,5.18,,
South Sudan,,South Sudan,Sub-Saharan Africa,,2.50929,,1.879567385,0.39394,,0.397248626,0.18519,,0.601323128,0.19662,,0.147062436,0.25899,,0.285670817,,143,3.832,,147,3.591000080,0.15781,,0.163486004,3.596,,0.13015,,0.116793513,4.068,3.725538586,3.456461574
Belize,,Belize,Latin America and Caribbean,,3.08039,,2.631955624,0.87616,,0.907975316,0.68655,,1.081417799,0.51231,,0.547509372,0.23684,,0.240015641,,52,5.956,,50,5.955999851,0.45569,,0.450191766,5.71,,0.10771,,0.096581072,6.202,6.197242318,5.714757385
,,"Hong Kong S.A.R., China",,,,,0.554633141,,,1.551674843,,,1.262790918,,,0.490968645,,,0.374465793,,,,,71,5.472000122,,,0.943062425,,,,,0.293933749,,5.549594173,5.394406071
,,Lesotho,,,,,1.429835320,,,0.521021247,,,1.190095186,,,0.390661299,,,0.157497272,,,,,139,3.808000088,,,0,,,,,0.119094640,,4.044343975,3.571656200
,,Mozambique,,,,,2.355650902,,,0.234305650,,,0.870701015,,,0.480791092,,,0.322228104,,,,,113,4.550000191,,,0.106654435,,,,,0.179436386,,4.774102326,4.325898055
,,Central African Republic,,,,,2.066004753,,,0,,,0,,,0.270842046,,,0.280876487,,,,,155,2.693000078,,,0.018772686,,,,,0.056565076,,2.864884269,2.521115887
,,Taiwan Province of China,,,,,2.126607418,,,1.433626533,,,1.384565353,,,0.361466587,,,0.258360475,,,,,33,6.421999931,,,0.793984234,,,,,0.063829236,,6.494596022,6.349403841
